https://www.linkedin.com/company/20th-century-studios/", "20th Century Studios", "20thcenturystudios.com
https://www.linkedin.com/company/aarhus-university-denmark-/", "Aarhus University", "au.dk
https://www.linkedin.com/company/abb/", "ABB", "global.abb
https://www.linkedin.com/company/abbvie/", "AbbVie", "abbvie.com
https://www.linkedin.com/company/abvietfrance/", "ABVietFrance", "abvietfrance.org
https://www.linkedin.com/company/accenture/", "Accenture", "accenture.com
https://www.linkedin.com/company/accor/", "Accor", "accor.com
https://www.linkedin.com/company/acgl/", "Arch Capital Group Ltd. archcapgroup.com
https://www.linkedin.com/company/achmea/", "Achmea  achmea.nl
https://www.linkedin.com/company/activision-blizzard/   Activision Blizzard activisionblizzard.com
https://www.linkedin.com/company/adddress/  Adddress    Adddress.de
https://www.linkedin.com/company/addleshaw-goddard/ Addleshaw Goddard addleshawgoddard.com
https://www.linkedin.com/company/adidas/    Adidas  adidas.com
https://www.linkedin.com/company/adient-holding-germany-ltd/    ADIENT HOLDING GERMANY LTD  adient.com
https://www.linkedin.com/company/aeci-group/    AECI Limited    aeciworld.com
https://www.linkedin.com/company/aegon/ Aegon   aegon.com
https://www.linkedin.com/company/aema-groupe/   Aéma Groupe emagroupe.fr/
https://www.linkedin.com/company/afa-rechtsanw%C3%A4lte/    AfA Rechtsanwälte   afa-anwalt.de
https://www.linkedin.com/company/africa-re/ African Reinsurance Corporation africa-re.com
https://www.linkedin.com/company/airbnb/    AirBnB  airbnb.com
https://www.linkedin.com/company/airbusgroup/   Airbus  airbus.com
https://www.linkedin.com/company/airliquide/    Air Liquide airliquide.com
https://www.linkedin.com/company/alibaba-com/   Alibaba alibaba.com
https://www.linkedin.com/company/alleanza-assicurazioni-spa/    ALLEANZA ASSICURAZIONI  alleanza.it
https://www.linkedin.com/company/allen-overy/   Allen & Overy   aoshearman.com
https://www.linkedin.com/company/allianz-partners/  Allianz Partners    allianz-partners.com/
https://www.linkedin.com/company/allied-world-assurance-company/    Allied World Assurance Company  awac.com
https://www.linkedin.com/company/alphabet-inc/  Alphabet, inc.  abc.xyz
https://www.linkedin.com/company/aman-hotel/
https://www.linkedin.com/company/amazon-web-services/
https://www.linkedin.com/company/amazon/    Amazon  amazon.com
https://www.linkedin.com/company/amblin-entertainment/
https://www.linkedin.com/company/amd/
https://www.linkedin.com/company/american-agricultural-insurance-agency-inc./
https://www.linkedin.com/company/american-agricultural-laboratory/
https://www.linkedin.com/company/anthropicresearch/
https://www.linkedin.com/company/apa-group/
https://www.linkedin.com/company/apple/
https://www.linkedin.com/company/applied-intuition-inc/
https://www.linkedin.com/company/applied-materials/
https://www.linkedin.com/company/arag/
https://www.linkedin.com/company/archipelago-international/
https://www.linkedin.com/company/armadillo-aerospace/
https://www.linkedin.com/company/asador/
https://www.linkedin.com/company/asgaard/
https://www.linkedin.com/company/asml/
https://www.linkedin.com/company/aspen-insurance/
https://www.linkedin.com/company/atlassian/
https://www.linkedin.com/company/atmel-corporation/
https://www.linkedin.com/company/att/
https://www.linkedin.com/company/audi-ag/
https://www.linkedin.com/company/avanza-bank/
https://www.linkedin.com/company/avari-hotel-lahore/
https://www.linkedin.com/company/aviva-canada/
https://www.linkedin.com/company/aviva-investors/
https://www.linkedin.com/company/aviva-plc/
https://www.linkedin.com/company/axa/
https://www.linkedin.com/company/axaxl/
https://www.linkedin.com/company/axis-capital/
https://www.linkedin.com/company/baglioni-hotels-resorts/
https://www.linkedin.com/company/bahnhof/
https://www.linkedin.com/company/baker-&amp;-mckenzie/
https://www.linkedin.com/company/bank-of-scotland/
https://www.linkedin.com/company/banyangroup/
https://www.linkedin.com/company/barmer/
https://www.linkedin.com/company/basf/
https://www.linkedin.com/company/bashneft-trading-ag/
https://www.linkedin.com/company/baumer-group/
https://www.linkedin.com/company/baumersa/
https://www.linkedin.com/company/belmond/
https://www.linkedin.com/company/berkshire-hathaway/
https://www.linkedin.com/company/best-western-hotels-&amp;-resorts/
https://www.linkedin.com/company/bethesda-game-studios/
https://www.linkedin.com/company/bioware/
https://www.linkedin.com/company/bispebjerg-hospital/
https://www.linkedin.com/company/bistro-23/
https://www.linkedin.com/company/blocket-se/
https://www.linkedin.com/company/bnp-paribas-cardif/
https://www.linkedin.com/company/boeing/
https://www.linkedin.com/company/bollingermotors/
https://www.linkedin.com/company/bombardier/
https://www.linkedin.com/company/bonnier-business-media/
https://www.linkedin.com/company/bonniers-familjestiftelse/
https://www.linkedin.com/company/bonniers-konsthall/
https://www.linkedin.com/company/bonniers/
https://www.linkedin.com/company/booking.com/
https://www.linkedin.com/company/bornholms-hospital/
https://www.linkedin.com/company/bosch/
https://www.linkedin.com/company/bpceassurances/
https://www.linkedin.com/company/british-aerospace/
https://www.linkedin.com/company/british-airways/
https://www.linkedin.com/company/broadcom/
https://www.linkedin.com/company/btg-hotels%C2%A0group-co-ltd/
https://www.linkedin.com/company/bunker-creek-holdings/
https://www.linkedin.com/company/burger-king/
https://www.linkedin.com/company/canada-life-reinsurance/
https://www.linkedin.com/company/canada-life/
https://www.linkedin.com/company/canonical/
https://www.linkedin.com/company/capcom/
https://www.linkedin.com/company/capgemini/
https://www.linkedin.com/company/castellum-ab/
https://www.linkedin.com/company/caterpillar-inc/
https://www.linkedin.com/company/ccr-caisse-centrale-de-reassurance/
https://www.linkedin.com/company/cencoraglobal/
https://www.linkedin.com/company/centene-corporation/
https://www.linkedin.com/company/center-for-gene-and-cellular-therapy-aarhus-university-hospital/
https://www.linkedin.com/company/charit%C3%A9---university-medicine-berlin/
https://www.linkedin.com/company/charite/
https://www.linkedin.com/company/chas-visual-management/
https://www.linkedin.com/company/chase/
https://www.linkedin.com/company/chevron/
https://www.linkedin.com/company/china-life-insurance-co-ltd/
https://www.linkedin.com/company/china-lodge/
https://www.linkedin.com/company/china-north-industries-dalian-corp./
https://www.linkedin.com/company/china-north-machine-co-ltd/
https://www.linkedin.com/company/china-north/
https://www.linkedin.com/company/china-reinsurance-group-company/
https://www.linkedin.com/company/chinese-alibaba-group/
https://www.linkedin.com/company/choice-hotels-international/
https://www.linkedin.com/company/christian-dior-couture/
https://www.linkedin.com/company/chubb-life/
https://www.linkedin.com/company/chubb/
https://www.linkedin.com/company/cinnamon-%E2%9F%A8%E2%84%A2%E2%9F%A9/
https://www.linkedin.com/company/cisco/
https://www.linkedin.com/company/citi/
https://www.linkedin.com/company/cms-law-tax-future/
https://www.linkedin.com/company/cnp/
https://www.linkedin.com/company/co%C3%B6peratie-vgz-u.a./
https://www.linkedin.com/company/codeberg-ev/
https://www.linkedin.com/company/codeberg/
https://www.linkedin.com/company/coinbase/
https://www.linkedin.com/company/commerzbank-ag/
https://www.linkedin.com/company/convex-insurance/
https://www.linkedin.com/company/convex-investment-group-gmbh/
https://www.linkedin.com/company/copenhagen-business-school/
https://www.linkedin.com/company/copenhagen-plant-science-centre/
https://www.linkedin.com/company/core-specialty-insurance-holdings-inc/
https://www.linkedin.com/company/corescientific/
https://www.linkedin.com/company/costco-wholesale/
https://www.linkedin.com/company/coursera/
https://www.linkedin.com/company/covestro/
https://www.linkedin.com/company/covivio1/
https://www.linkedin.com/company/credit-agricole-assurances/
https://www.linkedin.com/company/credit-suisse/
https://www.linkedin.com/company/crystal-dynamics/
https://www.linkedin.com/company/dangote-petroleum-petrochemicals/
https://www.linkedin.com/company/dangotecementplc/
https://www.linkedin.com/company/dangotegroup/
https://www.linkedin.com/company/datalogic/
https://www.linkedin.com/company/deepl/
https://www.linkedin.com/company/deezer/
https://www.linkedin.com/company/delivery-hero-se/
https://www.linkedin.com/company/delltechnologies/
https://www.linkedin.com/company/deloitte/
https://www.linkedin.com/company/dentons/
https://www.linkedin.com/company/derwentlondon/
https://www.linkedin.com/company/deutsche-bank/
https://www.linkedin.com/company/deutsche-euroshop-ag/
https://www.linkedin.com/company/deutsche-rueckversicherung-ag/
https://www.linkedin.com/company/deutsche-wohnen-gruppe/
https://www.linkedin.com/company/deutschebahn/
https://www.linkedin.com/company/devk-r-ckversicherungs--und-beteiligungs-ag/
https://www.linkedin.com/company/devk-versicherungen/
https://www.linkedin.com/company/dhl/
https://www.linkedin.com/company/dice-ea/
https://www.linkedin.com/company/dla-piper/
https://www.linkedin.com/company/dr-martens-airwair-&amp;-co.-limited/
https://www.linkedin.com/company/dr-martens-plc/
https://www.linkedin.com/company/dreamworks-animation/
https://www.linkedin.com/company/drury-hotels/
https://www.linkedin.com/company/dsm-inactive-follow-dsm-firmenich/
https://www.linkedin.com/company/dupont/
https://www.linkedin.com/company/eastseven-berlin-hostel/
https://www.linkedin.com/company/ecosia/
https://www.linkedin.com/company/edx/
https://www.linkedin.com/company/electronic-arts/
https://www.linkedin.com/company/elevance-health/
https://www.linkedin.com/company/embraer/
https://www.linkedin.com/company/endurosat/
https://www.linkedin.com/company/epic-games/
https://www.linkedin.com/company/ergo-group-ag/
https://www.linkedin.com/company/ericsson/
https://www.linkedin.com/company/ernst-young-consulting-services/
https://www.linkedin.com/company/esimag-immobilien-ag/
https://www.linkedin.com/company/ethereum-foundation/
https://www.linkedin.com/company/eton-college/
https://www.linkedin.com/company/eurochem-sa/
https://www.linkedin.com/company/eurochem/
https://www.linkedin.com/company/european-space-agency/
https://www.linkedin.com/company/everestatepune/
https://www.linkedin.com/company/everestglobal/
https://www.linkedin.com/company/evonik/
https://www.linkedin.com/company/exxonmobil/
https://www.linkedin.com/company/facebook/
https://www.linkedin.com/company/fanniemae/
https://www.linkedin.com/company/fatshark-ab/
https://www.linkedin.com/company/fidal/
https://www.linkedin.com/company/fishbrain-ab/
https://www.linkedin.com/company/fjallraven/
https://www.linkedin.com/company/flashback-media-group/
https://www.linkedin.com/company/flashbackmedia/
https://www.linkedin.com/company/flux-corp/
https://www.linkedin.com/company/folksam/
https://www.linkedin.com/company/fox-news-channel/
https://www.linkedin.com/company/fox-news-tv/
https://www.linkedin.com/company/foxconn/
https://www.linkedin.com/company/freie-universitat-berlin/
https://www.linkedin.com/company/fromsoftware-inc-/
https://www.linkedin.com/company/fujitsu/
https://www.linkedin.com/company/gazprom/
https://www.linkedin.com/company/general-insurance-corporation-of-india-gic-re/
https://www.linkedin.com/company/general-motors/
https://www.linkedin.com/company/generali-manerbio/
https://www.linkedin.com/company/generali/
https://www.linkedin.com/company/georgia-institute-of-technology/
https://www.linkedin.com/company/getsafe-personal-insurance/
https://www.linkedin.com/company/gibson-dunn/
https://www.linkedin.com/company/github/
https://www.linkedin.com/company/goldman-sachs/
https://www.linkedin.com/company/gomsat/
https://www.linkedin.com/company/gomspace/
https://www.linkedin.com/company/google/
https://www.linkedin.com/company/googledeepmind/
https://www.linkedin.com/company/greatportland/
https://www.linkedin.com/company/greentree-inns-hotel-management-group/
https://www.linkedin.com/company/groupama-assurances-mutuelles/
https://www.linkedin.com/company/groupe-barriere/
https://www.linkedin.com/company/groupe-des-assurances-du-credit-mutuel/
https://www.linkedin.com/company/h&amp;m/
https://www.linkedin.com/company/hamburg-commercial-bank/
https://www.linkedin.com/company/hannover-re/
https://www.linkedin.com/company/hashoogroup/
https://www.linkedin.com/company/hassan-allam-holding/
https://www.linkedin.com/company/hbo/
https://www.linkedin.com/company/hdiglobal-se/
https://www.linkedin.com/company/hdigroup/
https://www.linkedin.com/company/hengeler-mueller/
https://www.linkedin.com/company/hengligroup/
https://www.linkedin.com/company/hennes-maurtiz/
https://www.linkedin.com/company/herlev-hospital/
https://www.linkedin.com/company/hilton/
https://www.linkedin.com/company/hiscox/
https://www.linkedin.com/company/hmgroup/
https://www.linkedin.com/company/hotel-orania.berlin/
https://www.linkedin.com/company/huggingface/
https://www.linkedin.com/company/humboldt-university-berlin/
https://www.linkedin.com/company/hvidovre-hospital/
https://www.linkedin.com/company/hyatt/
https://www.linkedin.com/company/ibm/
https://www.linkedin.com/company/icann/
https://www.linkedin.com/company/id-software/
https://www.linkedin.com/company/ifinsurance/
https://www.linkedin.com/company/ikea/
https://www.linkedin.com/company/industrial-light-&amp;-magic/
https://www.linkedin.com/company/infosys/
https://www.linkedin.com/company/instagram/
https://www.linkedin.com/company/intel-corporation/
https://www.linkedin.com/company/irb-brasil-resseguros-s.a./
https://www.linkedin.com/company/irb-re/
https://www.linkedin.com/company/jet-propulsion-laboratory/
https://www.linkedin.com/company/jetbrains/
https://www.linkedin.com/company/jetpack-for-wordpress/
https://www.linkedin.com/company/johnson-&amp;-johnson/
https://www.linkedin.com/company/jpmorgan/
https://www.linkedin.com/company/jpmorganchase/
https://www.linkedin.com/company/kagi-inc/
https://www.linkedin.com/company/karolinska-university-hospital/
https://www.linkedin.com/company/kempinski-hotels/
https://www.linkedin.com/company/kirkland-&amp;-ellis-llp/
https://www.linkedin.com/company/klarna/
https://www.linkedin.com/company/kojamo/
https://www.linkedin.com/company/korean-reinsurance-company/
https://www.linkedin.com/company/koreanre/
https://www.linkedin.com/company/krakenfx/
https://www.linkedin.com/company/kronans-apotek/
https://www.linkedin.com/company/kth/
https://www.linkedin.com/company/kulturhuset-stadsteatern/
https://www.linkedin.com/company/lager-157/
https://www.linkedin.com/company/lancashire-insurance/
https://www.linkedin.com/company/lansforsakringar/
https://www.linkedin.com/company/latham-&amp;-watkins/
https://www.linkedin.com/company/legal-&amp;-general-america/
https://www.linkedin.com/company/lendo-ab/
https://www.linkedin.com/company/lenovo/
https://www.linkedin.com/company/lg-electronics/
https://www.linkedin.com/company/liberty-mutual-insurance/
https://www.linkedin.com/company/linde/
https://www.linkedin.com/company/lionsgate/
https://www.linkedin.com/company/lloyd%27s-of-london/
https://www.linkedin.com/company/lloyds-banking-group/
https://www.linkedin.com/company/lockheed-martin/
https://www.linkedin.com/company/louvre-h-tels/
https://www.linkedin.com/company/lucasfilm/
https://www.linkedin.com/company/lukoil-international-gmbh/
https://www.linkedin.com/company/lukoil/
https://www.linkedin.com/company/lulea-university-of-technology/
https://www.linkedin.com/company/lunduniversity/
https://www.linkedin.com/company/mannheimbusinessschool/
https://www.linkedin.com/company/mapfre/
https://www.linkedin.com/company/maraholdings/
https://www.linkedin.com/company/markel-insurance/
https://www.linkedin.com/company/markel-international/
https://www.linkedin.com/company/marriott_hotels_resorts/
https://www.linkedin.com/company/marvel-entertainment/
https://www.linkedin.com/company/mcdonald%27s-corporation/
https://www.linkedin.com/company/mckeeson-technologies-inc/
https://www.linkedin.com/company/mckinsey/
https://www.linkedin.com/company/mercialys/
https://www.linkedin.com/company/meta/
https://www.linkedin.com/company/metaoficial/
https://www.linkedin.com/company/metlife-brasil/
https://www.linkedin.com/company/metlife-gulf/
https://www.linkedin.com/company/metlife/
https://www.linkedin.com/company/mgm/
https://www.linkedin.com/company/microchip-technology/
https://www.linkedin.com/company/micron-technology/
https://www.linkedin.com/company/microsoft-ai/
https://www.linkedin.com/company/microsoft/
https://www.linkedin.com/company/mit/
https://www.linkedin.com/company/mitshubishi-surabaya-official/
https://www.linkedin.com/company/mitsubishi-corporation/
https://www.linkedin.com/company/mojangstudios/
https://www.linkedin.com/company/moma-auh/
https://www.linkedin.com/company/montea/
https://www.linkedin.com/company/morgan-lewis-&amp;-bockius-llp/
https://www.linkedin.com/company/morgan-stanley/
https://www.linkedin.com/company/ms-ad-insurance-group/
https://www.linkedin.com/company/ms-reinsurance/
https://www.linkedin.com/company/mtv/
https://www.linkedin.com/company/munich-re/
https://www.linkedin.com/company/mynaric/
https://www.linkedin.com/company/n26/
https://www.linkedin.com/company/nacional-suiza-compa%C3%B1ia-de-seguros-y-reaseguros-sa/
https://www.linkedin.com/company/nasa/
https://www.linkedin.com/company/nasdaq/
https://www.linkedin.com/company/national-geographic/
https://www.linkedin.com/company/netflix/
https://www.linkedin.com/company/newyorklife/
https://www.linkedin.com/company/nike/
https://www.linkedin.com/company/nine-dragons-paper-holdings-limited/
https://www.linkedin.com/company/nine-dragons-productions/
https://www.linkedin.com/company/nintendo/
https://www.linkedin.com/company/nippon-life-benefits/
https://www.linkedin.com/company/nn-group/
https://www.linkedin.com/company/nordea/
https://www.linkedin.com/company/nordnet-bank-ab/
https://www.linkedin.com/company/northrop-grumman-corporation/
https://www.linkedin.com/company/novo-nordisk/
https://www.linkedin.com/company/ntt-data-americas/
https://www.linkedin.com/company/ntt-data-inc/
https://www.linkedin.com/company/nttdata/
https://www.linkedin.com/company/nvidia-omniverse/
https://www.linkedin.com/company/nvidia/
https://www.linkedin.com/company/nvidiataiwan/
https://www.linkedin.com/company/nyse/
https://www.linkedin.com/company/odyssey-re/
https://www.linkedin.com/company/omniverse-tech/
https://www.linkedin.com/company/openai/
https://www.linkedin.com/company/oracle/
https://www.linkedin.com/company/orange/
https://www.linkedin.com/company/orangepi/
https://www.linkedin.com/company/orascom-construction-plc/
https://www.linkedin.com/company/orbitalmachines/
https://www.linkedin.com/company/orimono.eu/
https://www.linkedin.com/company/oxforduni/
https://www.linkedin.com/company/pacific-life-re/
https://www.linkedin.com/company/palantir-technologies/
https://www.linkedin.com/company/paramountco/
https://www.linkedin.com/company/partnerre/
https://www.linkedin.com/company/peak-performance/
https://www.linkedin.com/company/peak-re/
https://www.linkedin.com/company/perplexity-ai/
https://www.linkedin.com/company/pfizer/
https://www.linkedin.com/company/pixar-animation-studios/
https://www.linkedin.com/company/planio/
https://www.linkedin.com/company/poste-italiane/
https://www.linkedin.com/company/powered-by-proterra/
https://www.linkedin.com/company/prudental-laboratories/
https://www.linkedin.com/company/puma/
https://www.linkedin.com/company/pwc-india/
https://www.linkedin.com/company/pwc-middle-east/
https://www.linkedin.com/company/pwc/
https://www.linkedin.com/company/qbe/
https://www.linkedin.com/company/qianhai-reinsurance/
https://www.linkedin.com/company/qualcomm/
https://www.linkedin.com/company/quantum-xpression-media/
https://www.linkedin.com/company/quartersapp/
https://www.linkedin.com/company/qx-forlag-ab/
https://www.linkedin.com/company/r-v-versicherung/
https://www.linkedin.com/company/radisson-hotel-group/
https://www.linkedin.com/company/radissonblu/
https://www.linkedin.com/company/raspberry-ai/
https://www.linkedin.com/company/raspberrypi/
https://www.linkedin.com/company/raspberrypifoundation/
https://www.linkedin.com/company/raytheon/
https://www.linkedin.com/company/reaction-engines-limited/
https://www.linkedin.com/company/red-hat/
https://www.linkedin.com/company/reddit-com/
https://www.linkedin.com/company/redlion-hotel/
https://www.linkedin.com/company/renaissancere/
https://www.linkedin.com/company/revolut/
https://www.linkedin.com/company/rga-reinsurance-group-of-america-incorporated/
https://www.linkedin.com/company/rheinmetall/
https://www.linkedin.com/company/riot-platforms/
https://www.linkedin.com/company/rocco-forte-hotels2/
https://www.linkedin.com/company/rockstar-games/
https://www.linkedin.com/company/roomgenieai/
https://www.linkedin.com/company/ropes-&amp;-gray-llp/
https://www.linkedin.com/company/roskilde-university/
https://www.linkedin.com/company/rtx/
https://www.linkedin.com/company/russian-national-commercial-bank/
https://www.linkedin.com/company/russian-reinsurance-company/
https://www.linkedin.com/company/rutube/
https://www.linkedin.com/company/s%C3%B6derberg-and-partners-danmark/
https://www.linkedin.com/company/saab-aerostructures-ab/
https://www.linkedin.com/company/saab/
https://www.linkedin.com/company/salesforce/
https://www.linkedin.com/company/samsung-electronics-america/
https://www.linkedin.com/company/samsung-electronics/
https://www.linkedin.com/company/samsungresearch/
https://www.linkedin.com/company/samsungsemiconductor/
https://www.linkedin.com/company/sap/
https://www.linkedin.com/company/sappi/
https://www.linkedin.com/company/sasol/
https://www.linkedin.com/company/sbigeneral/
https://www.linkedin.com/company/scandic-hotels/
https://www.linkedin.com/company/schibsted-asa/
https://www.linkedin.com/company/sci-terres-des-hommes/
https://www.linkedin.com/company/scor-servicios-contables/
https://www.linkedin.com/company/scor/
https://www.linkedin.com/company/seb/
https://www.linkedin.com/company/securitas-group/
https://www.linkedin.com/company/sega/
https://www.linkedin.com/company/setup/new/
https://www.linkedin.com/company/sgblbank/
https://www.linkedin.com/company/shriramgeneralinsurance/
https://www.linkedin.com/company/sidley-austin/
https://www.linkedin.com/company/siemens/
https://www.linkedin.com/company/sinopec/
https://www.linkedin.com/company/sirius-point/
https://www.linkedin.com/company/sj-norrlandst%C3%A5g-ab/
https://www.linkedin.com/company/sk-hynix/
https://www.linkedin.com/company/skandia/
https://www.linkedin.com/company/skhynix-america-inc/
https://www.linkedin.com/company/slaughter-and-may/
https://www.linkedin.com/company/socialdemokraterna/
https://www.linkedin.com/company/sodersjukhuset/
https://www.linkedin.com/company/sogecap-liban/
https://www.linkedin.com/company/solariscompany/
https://www.linkedin.com/company/solaryacht/
https://www.linkedin.com/company/solvay/
https://www.linkedin.com/company/somers-re-ltd/
https://www.linkedin.com/company/sompo-/
https://www.linkedin.com/company/sony-music-entertainment/
https://www.linkedin.com/company/sony/
https://www.linkedin.com/company/sosalarmsverige/
https://www.linkedin.com/company/spotify-for-artists/
https://www.linkedin.com/company/spotify-for-creators/
https://www.linkedin.com/company/spotify/
https://www.linkedin.com/company/sprint-bioscience/
https://www.linkedin.com/company/spyglass-tech/
https://www.linkedin.com/company/starbreeze/
https://www.linkedin.com/company/starbucks/
https://www.linkedin.com/company/starlink/
https://www.linkedin.com/company/stayery/
https://www.linkedin.com/company/stim/
https://www.linkedin.com/company/stockholm-school-of-economics/
https://www.linkedin.com/company/stockholm-university/
https://www.linkedin.com/company/strategy/
https://www.linkedin.com/company/stratolaunch/
https://www.linkedin.com/company/svenska-handelsbanken-ab/
https://www.linkedin.com/company/svenska-handelsbanken-inc./
https://www.linkedin.com/company/swiss-life-france/
https://www.linkedin.com/company/swiss-re-corporate-solutions/
https://www.linkedin.com/company/swiss-re/
https://www.linkedin.com/company/syngenta/
https://www.linkedin.com/company/systembolaget/
https://www.linkedin.com/company/tag-immobilien-ag/
https://www.linkedin.com/company/taiping-re/
https://www.linkedin.com/company/tata-consultancy-services/
https://www.linkedin.com/company/technische-universitat-chemnitz/
https://www.linkedin.com/company/technische-universitat-munchen/
https://www.linkedin.com/company/teenage-engineering/
https://www.linkedin.com/company/tele2/
https://www.linkedin.com/company/telef-nica-uk/
https://www.linkedin.com/company/telegram-messenger/
https://www.linkedin.com/company/telenor-group/
https://www.linkedin.com/company/teliacompany/
https://www.linkedin.com/company/tengelmann-twenty-one-kg/
https://www.linkedin.com/company/tesla-motors/
https://www.linkedin.com/company/thales-alenia-space/
https://www.linkedin.com/company/thales/
https://www.linkedin.com/company/the-arab-contractors/
https://www.linkedin.com/company/the-ascott-limited/
https://www.linkedin.com/company/the-internet-assigned-numbers-authority/
https://www.linkedin.com/company/the-toa-reinsurance-company-of-america/
https://www.linkedin.com/company/the-walt-disney-company/
https://www.linkedin.com/company/theniuhotels/
https://www.linkedin.com/company/tiktok/
https://www.linkedin.com/company/titan-security-group/
https://www.linkedin.com/company/trade-republic/
https://www.linkedin.com/company/tradedoubler/
https://www.linkedin.com/company/trygg-hansa/
https://www.linkedin.com/company/tsmc/
https://www.linkedin.com/company/tudelft/
https://www.linkedin.com/company/twilio-inc-/
https://www.linkedin.com/company/uber-com/
https://www.linkedin.com/company/uber-freight/
https://www.linkedin.com/company/ubereat/
https://www.linkedin.com/company/uc-berkeley/
https://www.linkedin.com/company/udacity/
https://www.linkedin.com/company/udemy/
https://www.linkedin.com/company/umea-universitet/
https://www.linkedin.com/company/umicore/
https://www.linkedin.com/company/uni-kassel/
https://www.linkedin.com/company/uniqlo/
https://www.linkedin.com/company/universal-pictures/
https://www.linkedin.com/company/universit%C3%A4t-stuttgart/
https://www.linkedin.com/company/university-of-cambridge/
https://www.linkedin.com/company/university-of-copenhagen/
https://www.linkedin.com/company/university-of-leipzig/
https://www.linkedin.com/company/university-of-mannheim/
https://www.linkedin.com/company/university-of-michigan/
https://www.linkedin.com/company/university-of-potsdam/
https://www.linkedin.com/company/ups/
https://www.linkedin.com/company/urban-outfitters/
https://www.linkedin.com/company/validus/
https://www.linkedin.com/company/validusgroup/
https://www.linkedin.com/company/valve-corporation/
https://www.linkedin.com/company/vansterpartiet/
https://www.linkedin.com/company/vapiano/
https://www.linkedin.com/company/vasakronan-ab/
https://www.linkedin.com/company/verizon/
https://www.linkedin.com/company/vienna-insurance-group/
https://www.linkedin.com/company/vishay-intertechnology-inc-/
https://www.linkedin.com/company/vishay-siliconix-itzehoe-gmbh/
https://www.linkedin.com/company/vkcompany/
https://www.linkedin.com/company/volvo-group/
https://www.linkedin.com/company/volvo-trucks/
https://www.linkedin.com/company/volvocars/
https://www.linkedin.com/company/vonovia-immobilien/
https://www.linkedin.com/company/vonovia/
https://www.linkedin.com/company/warner-bros--entertainment/
https://www.linkedin.com/company/wellsfargo/
https://www.linkedin.com/company/white-&amp;-case/
https://www.linkedin.com/company/wikipedia-the-free-encyclopedia/
https://www.linkedin.com/company/wirecard/
https://www.linkedin.com/company/wolt-oy/
https://www.linkedin.com/company/wrberkleycorporation/
https://www.linkedin.com/company/www.adddress.de-%E2%80%93-adddress/
https://www.linkedin.com/company/wyndhamhotels/
https://www.linkedin.com/company/xai/
https://www.linkedin.com/company/y-combinator/
https://www.linkedin.com/company/yahoo/
https://www.linkedin.com/company/youtube/
https://www.linkedin.com/company/zimmerei/
https://www.linkedin.com/company/zurich-insurance-company-ltd/
